Season,TeamName,TeamID,Seed,Wins,Record,Deepest Round
2019,Abilene Chr,1101,15,0,0-1,R64 Exit
2021,Abilene Chr,1101,14,1,1-1,Round of 32
2004,Air Force,1102,11,0,0-1,R64 Exit
2006,Air Force,1102,13,0,0-1,R64 Exit
2009,Akron,1103,13,0,0-1,R64 Exit
2011,Akron,1103,15,0,0-1,R64 Exit
2013,Akron,1103,12,0,0-1,R64 Exit
2022,Akron,1103,13,0,0-1,R64 Exit
2024,Akron,1103,14,0,0-1,R64 Exit
2025,Akron,1103,13,0,0-1,R64 Exit
2003,Alabama,1104,10,0,0-1,R64 Exit
2004,Alabama,1104,8,3,3-1,Elite Eight
2005,Alabama,1104,5,0,0-1,R64 Exit
2006,Alabama,1104,10,1,1-1,Round of 32
2012,Alabama,1104,9,0,0-1,R64 Exit
2018,Alabama,1104,9,1,1-1,Round of 32
2021,Alabama,1104,2,2,2-1,Sweet 16
2022,Alabama,1104,6,0,0-1,R64 Exit
2023,Alabama,1104,1,2,2-1,Sweet 16
2024,Alabama,1104,4,4,4-1,Final Four
2025,Alabama,1104,2,3,3-1,Elite Eight
2005,Alabama A&M,1105,16,0,0-1,R64 Exit
2004,Alabama St,1106,16,0,0-1,R64 Exit
2009,Alabama St,1106,16,0,0-1,R64 Exit
2011,Alabama St,1106,16,0,0-1,R64 Exit
2025,Alabama St,1106,16,1,1-1,Round of 32
2008,American Univ,1110,15,0,0-1,R64 Exit
2009,American Univ,1110,14,0,0-1,R64 Exit
2014,American Univ,1110,15,0,0-1,R64 Exit
2025,American Univ,1110,16,0,0-1,R64 Exit
2021,Appalachian St,1111,16,0,0-1,R64 Exit
2003,Arizona,1112,1,3,3-1,Elite Eight
2004,Arizona,1112,9,0,0-1,R64 Exit
2005,Arizona,1112,3,3,3-1,Elite Eight
2006,Arizona,1112,8,1,1-1,Round of 32
2007,Arizona,1112,8,0,0-1,R64 Exit
2008,Arizona,1112,10,0,0-1,R64 Exit
2009,Arizona,1112,12,2,2-1,Sweet 16
2011,Arizona,1112,5,3,3-1,Elite Eight
2013,Arizona,1112,6,2,2-1,Sweet 16
2014,Arizona,1112,1,3,3-1,Elite Eight
2015,Arizona,1112,2,3,3-1,Elite Eight
2016,Arizona,1112,6,0,0-1,R64 Exit
2017,Arizona,1112,2,2,2-1,Sweet 16
2018,Arizona,1112,4,0,0-1,R64 Exit
2022,Arizona,1112,1,2,2-1,Sweet 16
2023,Arizona,1112,2,0,0-1,R64 Exit
2024,Arizona,1112,2,2,2-1,Sweet 16
2025,Arizona,1112,4,2,2-1,Sweet 16
2003,Arizona St,1113,10,1,1-1,Round of 32
2009,Arizona St,1113,6,1,1-1,Round of 32
2014,Arizona St,1113,10,0,0-1,R64 Exit
2018,Arizona St,1113,11,0,0-1,R64 Exit
2019,Arizona St,1113,11,1,1-1,Round of 32
2023,Arizona St,1113,11,1,1-1,Round of 32
2011,Ark Little Rock,1114,16,0,0-1,R64 Exit
2016,Ark Little Rock,1114,12,1,1-1,Round of 32
2010,Ark Pine Bluff,1115,16,1,1-1,Round of 32
2006,Arkansas,1116,8,0,0-1,R64 Exit
2007,Arkansas,1116,12,0,0-1,R64 Exit
2008,Arkansas,1116,9,1,1-1,Round of 32
2015,Arkansas,1116,5,1,1-1,Round of 32
2017,Arkansas,1116,8,1,1-1,Round of 32
2018,Arkansas,1116,7,0,0-1,R64 Exit
2021,Arkansas,1116,3,3,3-1,Elite Eight
2022,Arkansas,1116,4,3,3-1,Elite Eight
2023,Arkansas,1116,8,2,2-1,Sweet 16
2025,Arkansas,1116,10,2,2-1,Sweet 16
2003,Auburn,1120,10,2,2-1,Sweet 16
2018,Auburn,1120,4,1,1-1,Round of 32
2019,Auburn,1120,5,4,4-1,Final Four
2022,Auburn,1120,2,1,1-1,Round of 32
2023,Auburn,1120,9,1,1-1,Round of 32
2024,Auburn,1120,4,0,0-1,R64 Exit
2025,Auburn,1120,1,4,4-1,Final Four
2003,Austin Peay,1122,13,0,0-1,R64 Exit
2008,Austin Peay,1122,15,0,0-1,R64 Exit
2016,Austin Peay,1122,16,0,0-1,R64 Exit
2003,BYU,1140,12,0,0-1,R64 Exit
2004,BYU,1140,12,0,0-1,R64 Exit
2007,BYU,1140,8,0,0-1,R64 Exit
2008,BYU,1140,8,0,0-1,R64 Exit
2009,BYU,1140,8,0,0-1,R64 Exit
2010,BYU,1140,7,1,1-1,Round of 32
2011,BYU,1140,3,2,2-1,Sweet 16
2012,BYU,1140,14,1,1-1,Round of 32
2014,BYU,1140,10,0,0-1,R64 Exit
2015,BYU,1140,11,0,0-1,R64 Exit
2021,BYU,1140,6,0,0-1,R64 Exit
2024,BYU,1140,6,0,0-1,R64 Exit
2025,BYU,1140,6,2,2-1,Sweet 16
2008,Baylor,1124,11,0,0-1,R64 Exit
2010,Baylor,1124,3,3,3-1,Elite Eight
2012,Baylor,1124,3,3,3-1,Elite Eight
2014,Baylor,1124,6,2,2-1,Sweet 16
2015,Baylor,1124,3,0,0-1,R64 Exit
2016,Baylor,1124,5,0,0-1,R64 Exit
2017,Baylor,1124,3,2,2-1,Sweet 16
2019,Baylor,1124,9,1,1-1,Round of 32
2021,Baylor,1124,1,6,6-0,Champion
2022,Baylor,1124,1,1,1-1,Round of 32
2023,Baylor,1124,3,1,1-1,Round of 32
2024,Baylor,1124,3,1,1-1,Round of 32
2025,Baylor,1124,9,1,1-1,Round of 32
2006,Belmont,1125,15,0,0-1,R64 Exit
2007,Belmont,1125,15,0,0-1,R64 Exit
2008,Belmont,1125,15,0,0-1,R64 Exit
2011,Belmont,1125,13,0,0-1,R64 Exit
2012,Belmont,1125,14,0,0-1,R64 Exit
2013,Belmont,1125,11,0,0-1,R64 Exit
2015,Belmont,1125,15,0,0-1,R64 Exit
2019,Belmont,1125,11,1,1-1,Round of 32
2009,Binghamton,1127,15,0,0-1,R64 Exit
2008,Boise St,1129,14,0,0-1,R64 Exit
2013,Boise St,1129,13,0,0-1,R64 Exit
2015,Boise St,1129,11,0,0-1,R64 Exit
2022,Boise St,1129,8,0,0-1,R64 Exit
2023,Boise St,1129,10,0,0-1,R64 Exit
2024,Boise St,1129,10,0,0-1,R64 Exit
2004,Boston College,1130,6,1,1-1,Round of 32
2005,Boston College,1130,4,1,1-1,Round of 32
2006,Boston College,1130,4,2,2-1,Sweet 16
2007,Boston College,1130,7,1,1-1,Round of 32
2009,Boston College,1130,7,0,0-1,R64 Exit
2011,Boston Univ,1131,16,0,0-1,R64 Exit
2006,Bradley,1133,13,2,2-1,Sweet 16
2019,Bradley,1133,15,0,0-1,R64 Exit
2022,Bryant,1136,16,0,0-1,R64 Exit
2025,Bryant,1136,15,0,0-1,R64 Exit
2005,Bucknell,1137,14,1,1-1,Round of 32
2006,Bucknell,1137,9,1,1-1,Round of 32
2011,Bucknell,1137,14,0,0-1,R64 Exit
2013,Bucknell,1137,11,0,0-1,R64 Exit
2017,Bucknell,1137,13,0,0-1,R64 Exit
2018,Bucknell,1137,14,0,0-1,R64 Exit
2015,Buffalo,1138,12,0,0-1,R64 Exit
2016,Buffalo,1138,14,0,0-1,R64 Exit
2018,Buffalo,1138,13,1,1-1,Round of 32
2019,Buffalo,1138,6,1,1-1,Round of 32
2003,Butler,1139,12,2,2-1,Sweet 16
2007,Butler,1139,5,2,2-1,Sweet 16
2008,Butler,1139,7,1,1-1,Round of 32
2009,Butler,1139,9,0,0-1,R64 Exit
2010,Butler,1139,5,5,5-1,NCG
2011,Butler,1139,8,5,5-1,NCG
2013,Butler,1139,6,1,1-1,Round of 32
2015,Butler,1139,6,1,1-1,Round of 32
2016,Butler,1139,9,1,1-1,Round of 32
2017,Butler,1139,4,2,2-1,Sweet 16
2018,Butler,1139,10,1,1-1,Round of 32
2003,C Michigan,1141,11,1,1-1,Round of 32
2016,CS Bakersfield,1167,15,0,0-1,R64 Exit
2008,CS Fullerton,1168,14,0,0-1,R64 Exit
2018,CS Fullerton,1168,15,0,0-1,R64 Exit
2022,CS Fullerton,1168,15,0,0-1,R64 Exit
2009,CS Northridge,1169,15,0,0-1,R64 Exit
2014,Cal Poly,1142,16,1,1-1,Round of 32
2003,California,1143,8,1,1-1,Round of 32
2006,California,1143,7,0,0-1,R64 Exit
2009,California,1143,7,0,0-1,R64 Exit
2010,California,1143,8,1,1-1,Round of 32
2012,California,1143,12,0,0-1,R64 Exit
2013,California,1143,12,1,1-1,Round of 32
2016,California,1143,4,0,0-1,R64 Exit
2007,Central Conn,1148,16,0,0-1,R64 Exit
2004,Charlotte,1150,9,0,0-1,R64 Exit
2005,Charlotte,1150,7,0,0-1,R64 Exit
2005,Chattanooga,1151,15,0,0-1,R64 Exit
2009,Chattanooga,1151,16,0,0-1,R64 Exit
2016,Chattanooga,1151,12,0,0-1,R64 Exit
2022,Chattanooga,1151,13,0,0-1,R64 Exit
2003,Cincinnati,1153,8,0,0-1,R64 Exit
2004,Cincinnati,1153,4,1,1-1,Round of 32
2005,Cincinnati,1153,7,1,1-1,Round of 32
2011,Cincinnati,1153,6,1,1-1,Round of 32
2012,Cincinnati,1153,6,2,2-1,Sweet 16
2013,Cincinnati,1153,10,0,0-1,R64 Exit
2014,Cincinnati,1153,5,0,0-1,R64 Exit
2015,Cincinnati,1153,8,1,1-1,Round of 32
2016,Cincinnati,1153,9,0,0-1,R64 Exit
2017,Cincinnati,1153,6,1,1-1,Round of 32
2018,Cincinnati,1153,2,1,1-1,Round of 32
2019,Cincinnati,1153,7,0,0-1,R64 Exit
2008,Clemson,1155,5,0,0-1,R64 Exit
2009,Clemson,1155,7,0,0-1,R64 Exit
2010,Clemson,1155,7,0,0-1,R64 Exit
2011,Clemson,1155,12,1,1-1,Round of 32
2018,Clemson,1155,5,2,2-1,Sweet 16
2021,Clemson,1155,7,0,0-1,R64 Exit
2024,Clemson,1155,6,3,3-1,Elite Eight
2025,Clemson,1155,5,0,0-1,R64 Exit
2009,Cleveland St,1156,13,1,1-1,Round of 32
2021,Cleveland St,1156,15,0,0-1,R64 Exit
2014,Coastal Car,1157,16,0,0-1,R64 Exit
2015,Coastal Car,1157,16,0,0-1,R64 Exit
2018,Col Charleston,1158,13,0,0-1,R64 Exit
2023,Col Charleston,1158,12,0,0-1,R64 Exit
2024,Col Charleston,1158,13,0,0-1,R64 Exit
2019,Colgate,1159,15,0,0-1,R64 Exit
2021,Colgate,1159,14,0,0-1,R64 Exit
2022,Colgate,1159,14,0,0-1,R64 Exit
2023,Colgate,1159,15,0,0-1,R64 Exit
2024,Colgate,1159,14,0,0-1,R64 Exit
2003,Colorado,1160,10,0,0-1,R64 Exit
2012,Colorado,1160,11,1,1-1,Round of 32
2013,Colorado,1160,10,0,0-1,R64 Exit
2014,Colorado,1160,8,0,0-1,R64 Exit
2016,Colorado,1160,8,0,0-1,R64 Exit
2021,Colorado,1160,5,1,1-1,Round of 32
2024,Colorado,1160,10,2,2-1,Sweet 16
2003,Colorado St,1161,14,0,0-1,R64 Exit
2012,Colorado St,1161,11,0,0-1,R64 Exit
2013,Colorado St,1161,8,1,1-1,Round of 32
2022,Colorado St,1161,6,0,0-1,R64 Exit
2024,Colorado St,1161,10,1,1-1,Round of 32
2025,Colorado St,1161,12,1,1-1,Round of 32
2003,Connecticut,1163,5,2,2-1,Sweet 16
2004,Connecticut,1163,2,6,6-0,Champion
2005,Connecticut,1163,2,1,1-1,Round of 32
2006,Connecticut,1163,1,3,3-1,Elite Eight
2008,Connecticut,1163,4,0,0-1,R64 Exit
2009,Connecticut,1163,1,4,4-1,Final Four
2011,Connecticut,1163,3,6,6-0,Champion
2012,Connecticut,1163,9,0,0-1,R64 Exit
2014,Connecticut,1163,7,6,6-0,Champion
2016,Connecticut,1163,9,1,1-1,Round of 32
2021,Connecticut,1163,7,0,0-1,R64 Exit
2022,Connecticut,1163,5,0,0-1,R64 Exit
2023,Connecticut,1163,4,6,6-0,Champion
2024,Connecticut,1163,1,6,6-0,Champion
2025,Connecticut,1163,8,1,1-1,Round of 32
2008,Coppin St,1164,16,0,0-1,R64 Exit
2008,Cornell,1165,14,0,0-1,R64 Exit
2009,Cornell,1165,14,0,0-1,R64 Exit
2010,Cornell,1165,12,2,2-1,Sweet 16
2003,Creighton,1166,6,0,0-1,R64 Exit
2005,Creighton,1166,10,0,0-1,R64 Exit
2007,Creighton,1166,10,0,0-1,R64 Exit
2012,Creighton,1166,8,1,1-1,Round of 32
2013,Creighton,1166,7,1,1-1,Round of 32
2014,Creighton,1166,3,1,1-1,Round of 32
2017,Creighton,1166,6,0,0-1,R64 Exit
2018,Creighton,1166,8,0,0-1,R64 Exit
2021,Creighton,1166,5,2,2-1,Sweet 16
2022,Creighton,1166,9,1,1-1,Round of 32
2023,Creighton,1166,6,3,3-1,Elite Eight
2024,Creighton,1166,3,2,2-1,Sweet 16
2025,Creighton,1166,9,1,1-1,Round of 32
2006,Davidson,1172,15,0,0-1,R64 Exit
2007,Davidson,1172,13,0,0-1,R64 Exit
2008,Davidson,1172,10,3,3-1,Elite Eight
2012,Davidson,1172,13,0,0-1,R64 Exit
2013,Davidson,1172,14,0,0-1,R64 Exit
2015,Davidson,1172,10,0,0-1,R64 Exit
2018,Davidson,1172,12,0,0-1,R64 Exit
2022,Davidson,1172,10,0,0-1,R64 Exit
2003,Dayton,1173,4,0,0-1,R64 Exit
2004,Dayton,1173,10,0,0-1,R64 Exit
2009,Dayton,1173,11,1,1-1,Round of 32
2014,Dayton,1173,11,3,3-1,Elite Eight
2015,Dayton,1173,11,2,2-1,Sweet 16
2016,Dayton,1173,7,0,0-1,R64 Exit
2017,Dayton,1173,7,0,0-1,R64 Exit
2024,Dayton,1173,7,1,1-1,Round of 32
2004,DePaul,1177,7,1,1-1,Round of 32
2014,Delaware,1174,13,0,0-1,R64 Exit
2022,Delaware,1174,15,0,0-1,R64 Exit
2005,Delaware St,1175,16,0,0-1,R64 Exit
2012,Detroit,1178,15,0,0-1,R64 Exit
2008,Drake,1179,5,0,0-1,R64 Exit
2021,Drake,1179,11,1,1-1,Round of 32
2023,Drake,1179,12,0,0-1,R64 Exit
2024,Drake,1179,10,0,0-1,R64 Exit
2025,Drake,1179,11,1,1-1,Round of 32
2021,Drexel,1180,16,0,0-1,R64 Exit
2003,Duke,1181,3,2,2-1,Sweet 16
2004,Duke,1181,1,4,4-1,Final Four
2005,Duke,1181,1,2,2-1,Sweet 16
2006,Duke,1181,1,2,2-1,Sweet 16
2007,Duke,1181,6,0,0-1,R64 Exit
2008,Duke,1181,2,1,1-1,Round of 32
2009,Duke,1181,2,2,2-1,Sweet 16
2010,Duke,1181,1,6,6-0,Champion
2011,Duke,1181,1,2,2-1,Sweet 16
2012,Duke,1181,2,0,0-1,R64 Exit
2013,Duke,1181,2,3,3-1,Elite Eight
2014,Duke,1181,3,0,0-1,R64 Exit
2015,Duke,1181,1,6,6-0,Champion
2016,Duke,1181,4,2,2-1,Sweet 16
2017,Duke,1181,2,1,1-1,Round of 32
2018,Duke,1181,2,3,3-1,Elite Eight
2019,Duke,1181,1,3,3-1,Elite Eight
2022,Duke,1181,2,4,4-1,Final Four
2023,Duke,1181,5,1,1-1,Round of 32
2024,Duke,1181,4,3,3-1,Elite Eight
2025,Duke,1181,1,4,4-1,Final Four
2024,Duquesne,1182,11,1,1-1,Round of 32
2005,E Kentucky,1184,15,0,0-1,R64 Exit
2007,E Kentucky,1184,16,0,0-1,R64 Exit
2014,E Kentucky,1184,15,0,0-1,R64 Exit
2004,E Washington,1186,15,0,0-1,R64 Exit
2015,E Washington,1186,13,0,0-1,R64 Exit
2021,E Washington,1186,14,0,0-1,R64 Exit
2003,ETSU,1190,15,0,0-1,R64 Exit
2004,ETSU,1190,13,0,0-1,R64 Exit
2009,ETSU,1190,16,0,0-1,R64 Exit
2010,ETSU,1190,16,0,0-1,R64 Exit
2017,ETSU,1190,13,0,0-1,R64 Exit
2005,F Dickinson,1192,16,0,0-1,R64 Exit
2016,F Dickinson,1192,16,0,0-1,R64 Exit
2019,F Dickinson,1192,16,1,1-1,Round of 32
2023,F Dickinson,1192,16,2,2-1,Sweet 16
2013,FGCU,1195,15,2,2-1,Sweet 16
2016,FGCU,1195,16,1,1-1,Round of 32
2017,FGCU,1195,14,0,0-1,R64 Exit
2023,FL Atlantic,1194,9,4,4-1,Final Four
2024,FL Atlantic,1194,8,0,0-1,R64 Exit
2003,Florida,1196,2,1,1-1,Round of 32
2004,Florida,1196,5,0,0-1,R64 Exit
2005,Florida,1196,4,1,1-1,Round of 32
2006,Florida,1196,3,6,6-0,Champion
2007,Florida,1196,1,6,6-0,Champion
2010,Florida,1196,10,0,0-1,R64 Exit
2011,Florida,1196,2,3,3-1,Elite Eight
2012,Florida,1196,7,3,3-1,Elite Eight
2013,Florida,1196,3,3,3-1,Elite Eight
2014,Florida,1196,1,4,4-1,Final Four
2017,Florida,1196,4,3,3-1,Elite Eight
2018,Florida,1196,6,1,1-1,Round of 32
2019,Florida,1196,10,1,1-1,Round of 32
2021,Florida,1196,7,1,1-1,Round of 32
2024,Florida,1196,7,0,0-1,R64 Exit
2025,Florida,1196,1,6,6-0,Champion
2004,Florida A&M,1197,16,1,1-1,Round of 32
2007,Florida A&M,1197,16,0,0-1,R64 Exit
2009,Florida St,1199,5,0,0-1,R64 Exit
2010,Florida St,1199,9,0,0-1,R64 Exit
2011,Florida St,1199,10,2,2-1,Sweet 16
2012,Florida St,1199,3,1,1-1,Round of 32
2017,Florida St,1199,3,1,1-1,Round of 32
2018,Florida St,1199,9,3,3-1,Elite Eight
2019,Florida St,1199,4,2,2-1,Sweet 16
2021,Florida St,1199,4,2,2-1,Sweet 16
2016,Fresno St,1201,14,0,0-1,R64 Exit
2023,Furman,1202,13,1,1-1,Round of 32
2005,G Washington,1203,12,0,0-1,R64 Exit
2006,G Washington,1203,8,1,1-1,Round of 32
2007,G Washington,1203,11,0,0-1,R64 Exit
2014,G Washington,1203,9,0,0-1,R64 Exit
2019,Gardner Webb,1205,16,0,0-1,R64 Exit
2006,George Mason,1206,11,4,4-1,Final Four
2008,George Mason,1206,12,0,0-1,R64 Exit
2011,George Mason,1206,8,1,1-1,Round of 32
2006,Georgetown,1207,7,2,2-1,Sweet 16
2007,Georgetown,1207,2,4,4-1,Final Four
2008,Georgetown,1207,2,1,1-1,Round of 32
2010,Georgetown,1207,3,0,0-1,R64 Exit
2011,Georgetown,1207,6,0,0-1,R64 Exit
2012,Georgetown,1207,3,1,1-1,Round of 32
2013,Georgetown,1207,2,0,0-1,R64 Exit
2015,Georgetown,1207,4,1,1-1,Round of 32
2021,Georgetown,1207,12,0,0-1,R64 Exit
2008,Georgia,1208,14,0,0-1,R64 Exit
2011,Georgia,1208,10,0,0-1,R64 Exit
2015,Georgia,1208,10,0,0-1,R64 Exit
2025,Georgia,1208,9,0,0-1,R64 Exit
2015,Georgia St,1209,14,1,1-1,Round of 32
2018,Georgia St,1209,15,0,0-1,R64 Exit
2019,Georgia St,1209,14,0,0-1,R64 Exit
2022,Georgia St,1209,16,0,0-1,R64 Exit
2004,Georgia Tech,1210,3,5,5-1,NCG
2005,Georgia Tech,1210,5,1,1-1,Round of 32
2007,Georgia Tech,1210,10,0,0-1,R64 Exit
2010,Georgia Tech,1210,10,1,1-1,Round of 32
2021,Georgia Tech,1210,9,0,0-1,R64 Exit
2003,Gonzaga,1211,9,1,1-1,Round of 32
2004,Gonzaga,1211,2,1,1-1,Round of 32
2005,Gonzaga,1211,3,1,1-1,Round of 32
2006,Gonzaga,1211,3,2,2-1,Sweet 16
2007,Gonzaga,1211,10,0,0-1,R64 Exit
2008,Gonzaga,1211,7,0,0-1,R64 Exit
2009,Gonzaga,1211,4,2,2-1,Sweet 16
2010,Gonzaga,1211,8,1,1-1,Round of 32
2011,Gonzaga,1211,11,1,1-1,Round of 32
2012,Gonzaga,1211,7,1,1-1,Round of 32
2013,Gonzaga,1211,1,1,1-1,Round of 32
2014,Gonzaga,1211,8,1,1-1,Round of 32
2015,Gonzaga,1211,2,3,3-1,Elite Eight
2016,Gonzaga,1211,11,2,2-1,Sweet 16
2017,Gonzaga,1211,1,5,5-1,NCG
2018,Gonzaga,1211,4,2,2-1,Sweet 16
2019,Gonzaga,1211,1,3,3-1,Elite Eight
2021,Gonzaga,1211,1,5,5-1,NCG
2022,Gonzaga,1211,1,2,2-1,Sweet 16
2023,Gonzaga,1211,3,3,3-1,Elite Eight
2024,Gonzaga,1211,5,2,2-1,Sweet 16
2025,Gonzaga,1211,8,1,1-1,Round of 32
2024,Grambling,1212,16,1,1-1,Round of 32
2021,Grand Canyon,1213,15,0,0-1,R64 Exit
2023,Grand Canyon,1213,14,0,0-1,R64 Exit
2024,Grand Canyon,1213,12,1,1-1,Round of 32
2025,Grand Canyon,1213,13,0,0-1,R64 Exit
2006,Hampton,1214,16,0,0-1,R64 Exit
2011,Hampton,1214,16,0,0-1,R64 Exit
2015,Hampton,1214,16,1,1-1,Round of 32
2016,Hampton,1214,16,0,0-1,R64 Exit
2021,Hartford,1216,16,0,0-1,R64 Exit
2012,Harvard,1217,12,0,0-1,R64 Exit
2013,Harvard,1217,14,1,1-1,Round of 32
2014,Harvard,1217,12,1,1-1,Round of 32
2015,Harvard,1217,13,0,0-1,R64 Exit
2016,Hawaii,1218,13,1,1-1,Round of 32
2025,High Point,1219,13,0,0-1,R64 Exit
2003,Holy Cross,1221,14,0,0-1,R64 Exit
2007,Holy Cross,1221,13,0,0-1,R64 Exit
2016,Holy Cross,1221,16,1,1-1,Round of 32
2010,Houston,1222,13,0,0-1,R64 Exit
2018,Houston,1222,6,1,1-1,Round of 32
2019,Houston,1222,3,2,2-1,Sweet 16
2021,Houston,1222,2,4,4-1,Final Four
2022,Houston,1222,5,3,3-1,Elite Eight
2023,Houston,1222,1,2,2-1,Sweet 16
2024,Houston,1222,1,2,2-1,Sweet 16
2025,Houston,1222,1,5,5-1,NCG
2023,Howard,1224,16,0,0-1,R64 Exit
2024,Howard,1224,16,0,0-1,R64 Exit
2004,IL Chicago,1227,13,0,0-1,R64 Exit
2003,IUPUI,1237,16,0,0-1,R64 Exit
2003,Illinois,1228,4,1,1-1,Round of 32
2004,Illinois,1228,5,2,2-1,Sweet 16
2005,Illinois,1228,1,5,5-1,NCG
2006,Illinois,1228,4,1,1-1,Round of 32
2007,Illinois,1228,12,0,0-1,R64 Exit
2009,Illinois,1228,5,0,0-1,R64 Exit
2011,Illinois,1228,9,1,1-1,Round of 32
2013,Illinois,1228,7,1,1-1,Round of 32
2021,Illinois,1228,1,1,1-1,Round of 32
2022,Illinois,1228,4,1,1-1,Round of 32
2023,Illinois,1228,9,0,0-1,R64 Exit
2024,Illinois,1228,3,3,3-1,Elite Eight
2025,Illinois,1228,6,1,1-1,Round of 32
2003,Indiana,1231,7,1,1-1,Round of 32
2006,Indiana,1231,6,1,1-1,Round of 32
2007,Indiana,1231,7,1,1-1,Round of 32
2008,Indiana,1231,8,0,0-1,R64 Exit
2012,Indiana,1231,4,2,2-1,Sweet 16
2013,Indiana,1231,1,2,2-1,Sweet 16
2015,Indiana,1231,10,0,0-1,R64 Exit
2016,Indiana,1231,5,2,2-1,Sweet 16
2022,Indiana,1231,12,1,1-1,Round of 32
2023,Indiana,1231,4,1,1-1,Round of 32
2011,Indiana St,1232,14,0,0-1,R64 Exit
2006,Iona,1233,13,0,0-1,R64 Exit
2012,Iona,1233,14,0,0-1,R64 Exit
2013,Iona,1233,15,0,0-1,R64 Exit
2016,Iona,1233,13,0,0-1,R64 Exit
2017,Iona,1233,14,0,0-1,R64 Exit
2018,Iona,1233,15,0,0-1,R64 Exit
2019,Iona,1233,16,0,0-1,R64 Exit
2021,Iona,1233,15,0,0-1,R64 Exit
2023,Iona,1233,13,0,0-1,R64 Exit
2005,Iowa,1234,10,0,0-1,R64 Exit
2006,Iowa,1234,3,0,0-1,R64 Exit
2014,Iowa,1234,11,0,0-1,R64 Exit
2015,Iowa,1234,7,1,1-1,Round of 32
2016,Iowa,1234,7,1,1-1,Round of 32
2019,Iowa,1234,10,1,1-1,Round of 32
2021,Iowa,1234,2,1,1-1,Round of 32
2022,Iowa,1234,5,0,0-1,R64 Exit
2023,Iowa,1234,8,0,0-1,R64 Exit
2005,Iowa St,1235,9,1,1-1,Round of 32
2012,Iowa St,1235,8,1,1-1,Round of 32
2013,Iowa St,1235,10,1,1-1,Round of 32
2014,Iowa St,1235,3,2,2-1,Sweet 16
2015,Iowa St,1235,3,0,0-1,R64 Exit
2016,Iowa St,1235,4,2,2-1,Sweet 16
2017,Iowa St,1235,5,1,1-1,Round of 32
2019,Iowa St,1235,6,0,0-1,R64 Exit
2022,Iowa St,1235,11,2,2-1,Sweet 16
2023,Iowa St,1235,6,0,0-1,R64 Exit
2024,Iowa St,1235,2,2,2-1,Sweet 16
2025,Iowa St,1235,3,1,1-1,Round of 32
2007,Jackson St,1238,16,0,0-1,R64 Exit
2017,Jacksonville St,1240,15,0,0-1,R64 Exit
2022,Jacksonville St,1240,15,0,0-1,R64 Exit
2013,James Madison,1241,16,1,1-1,Round of 32
2024,James Madison,1241,12,1,1-1,Round of 32
2003,Kansas,1242,2,5,5-1,NCG
2004,Kansas,1242,4,3,3-1,Elite Eight
2005,Kansas,1242,3,0,0-1,R64 Exit
2006,Kansas,1242,4,0,0-1,R64 Exit
2007,Kansas,1242,1,3,3-1,Elite Eight
2008,Kansas,1242,1,6,6-0,Champion
2009,Kansas,1242,3,2,2-1,Sweet 16
2010,Kansas,1242,1,1,1-1,Round of 32
2011,Kansas,1242,1,3,3-1,Elite Eight
2012,Kansas,1242,2,5,5-1,NCG
2013,Kansas,1242,1,2,2-1,Sweet 16
2014,Kansas,1242,2,1,1-1,Round of 32
2015,Kansas,1242,2,1,1-1,Round of 32
2016,Kansas,1242,1,3,3-1,Elite Eight
2017,Kansas,1242,1,3,3-1,Elite Eight
2018,Kansas,1242,1,4,4-1,Final Four
2019,Kansas,1242,4,1,1-1,Round of 32
2021,Kansas,1242,3,1,1-1,Round of 32
2022,Kansas,1242,1,6,6-0,Champion
2023,Kansas,1242,1,1,1-1,Round of 32
2024,Kansas,1242,4,1,1-1,Round of 32
2025,Kansas,1242,7,0,0-1,R64 Exit
2008,Kansas St,1243,11,1,1-1,Round of 32
2010,Kansas St,1243,2,3,3-1,Elite Eight
2011,Kansas St,1243,5,1,1-1,Round of 32
2012,Kansas St,1243,8,1,1-1,Round of 32
2013,Kansas St,1243,4,0,0-1,R64 Exit
2014,Kansas St,1243,9,0,0-1,R64 Exit
2017,Kansas St,1243,11,1,1-1,Round of 32
2018,Kansas St,1243,9,3,3-1,Elite Eight
2019,Kansas St,1243,4,0,0-1,R64 Exit
2023,Kansas St,1243,3,3,3-1,Elite Eight
2023,Kennesaw,1244,14,0,0-1,R64 Exit
2006,Kent,1245,12,0,0-1,R64 Exit
2008,Kent,1245,9,0,0-1,R64 Exit
2017,Kent,1245,14,0,0-1,R64 Exit
2023,Kent,1245,13,0,0-1,R64 Exit
2003,Kentucky,1246,1,3,3-1,Elite Eight
2004,Kentucky,1246,1,1,1-1,Round of 32
2005,Kentucky,1246,2,3,3-1,Elite Eight
2006,Kentucky,1246,8,1,1-1,Round of 32
2007,Kentucky,1246,8,1,1-1,Round of 32
2008,Kentucky,1246,11,0,0-1,R64 Exit
2010,Kentucky,1246,1,3,3-1,Elite Eight
2011,Kentucky,1246,4,4,4-1,Final Four
2012,Kentucky,1246,1,6,6-0,Champion
2014,Kentucky,1246,8,5,5-1,NCG
2015,Kentucky,1246,1,4,4-1,Final Four
2016,Kentucky,1246,4,1,1-1,Round of 32
2017,Kentucky,1246,2,3,3-1,Elite Eight
2018,Kentucky,1246,5,2,2-1,Sweet 16
2019,Kentucky,1246,2,3,3-1,Elite Eight
2022,Kentucky,1246,2,0,0-1,R64 Exit
2023,Kentucky,1246,6,1,1-1,Round of 32
2024,Kentucky,1246,3,0,0-1,R64 Exit
2025,Kentucky,1246,3,2,2-1,Sweet 16
2011,LIU Brooklyn,1254,15,0,0-1,R64 Exit
2012,LIU Brooklyn,1254,16,0,0-1,R64 Exit
2013,LIU Brooklyn,1254,16,0,0-1,R64 Exit
2018,LIU Brooklyn,1254,16,0,0-1,R64 Exit
2003,LSU,1261,8,0,0-1,R64 Exit
2005,LSU,1261,6,0,0-1,R64 Exit
2006,LSU,1261,4,4,4-1,Final Four
2009,LSU,1261,8,1,1-1,Round of 32
2015,LSU,1261,9,0,0-1,R64 Exit
2019,LSU,1261,3,2,2-1,Sweet 16
2021,LSU,1261,8,1,1-1,Round of 32
2022,LSU,1261,6,0,0-1,R64 Exit
2013,La Salle,1247,13,3,3-1,Elite Eight
2015,Lafayette,1248,16,0,0-1,R64 Exit
2012,Lamar,1249,16,0,0-1,R64 Exit
2004,Lehigh,1250,16,0,0-1,R64 Exit
2010,Lehigh,1250,16,0,0-1,R64 Exit
2012,Lehigh,1250,15,1,1-1,Round of 32
2004,Liberty,1251,16,0,0-1,R64 Exit
2013,Liberty,1251,16,0,0-1,R64 Exit
2019,Liberty,1251,12,1,1-1,Round of 32
2021,Liberty,1251,13,0,0-1,R64 Exit
2025,Liberty,1251,12,0,0-1,R64 Exit
2018,Lipscomb,1252,15,0,0-1,R64 Exit
2025,Lipscomb,1252,14,0,0-1,R64 Exit
2007,Long Beach St,1253,12,0,0-1,R64 Exit
2012,Long Beach St,1253,12,0,0-1,R64 Exit
2024,Long Beach St,1253,15,0,0-1,R64 Exit
2022,Longwood,1255,14,0,0-1,R64 Exit
2024,Longwood,1255,16,0,0-1,R64 Exit
2004,Louisiana,1418,14,0,0-1,R64 Exit
2005,Louisiana,1418,13,0,0-1,R64 Exit
2014,Louisiana,1418,14,0,0-1,R64 Exit
2023,Louisiana,1418,13,0,0-1,R64 Exit
2003,Louisville,1257,4,1,1-1,Round of 32
2004,Louisville,1257,10,0,0-1,R64 Exit
2005,Louisville,1257,4,4,4-1,Final Four
2007,Louisville,1257,6,1,1-1,Round of 32
2008,Louisville,1257,3,3,3-1,Elite Eight
2009,Louisville,1257,1,3,3-1,Elite Eight
2010,Louisville,1257,9,0,0-1,R64 Exit
2011,Louisville,1257,4,0,0-1,R64 Exit
2012,Louisville,1257,4,4,4-1,Final Four
2013,Louisville,1257,1,6,6-0,Champion
2014,Louisville,1257,4,2,2-1,Sweet 16
2015,Louisville,1257,4,3,3-1,Elite Eight
2017,Louisville,1257,2,1,1-1,Round of 32
2019,Louisville,1257,7,0,0-1,R64 Exit
2025,Louisville,1257,8,0,0-1,R64 Exit
2012,Loyola MD,1259,15,0,0-1,R64 Exit
2018,Loyola-Chicago,1260,11,4,4-1,Final Four
2021,Loyola-Chicago,1260,8,2,2-1,Sweet 16
2022,Loyola-Chicago,1260,10,0,0-1,R64 Exit
2008,MS Valley St,1290,16,0,0-1,R64 Exit
2012,MS Valley St,1290,16,0,0-1,R64 Exit
2013,MTSU,1292,11,0,0-1,R64 Exit
2016,MTSU,1292,15,1,1-1,Round of 32
2017,MTSU,1292,12,1,1-1,Round of 32
2003,Manhattan,1264,14,0,0-1,R64 Exit
2004,Manhattan,1264,12,1,1-1,Round of 32
2014,Manhattan,1264,13,0,0-1,R64 Exit
2015,Manhattan,1264,16,0,0-1,R64 Exit
2003,Marquette,1266,3,4,4-1,Final Four
2006,Marquette,1266,7,0,0-1,R64 Exit
2007,Marquette,1266,8,0,0-1,R64 Exit
2008,Marquette,1266,6,1,1-1,Round of 32
2009,Marquette,1266,6,1,1-1,Round of 32
2010,Marquette,1266,6,0,0-1,R64 Exit
2011,Marquette,1266,11,2,2-1,Sweet 16
2012,Marquette,1266,3,2,2-1,Sweet 16
2013,Marquette,1266,3,3,3-1,Elite Eight
2017,Marquette,1266,10,0,0-1,R64 Exit
2019,Marquette,1266,5,0,0-1,R64 Exit
2022,Marquette,1266,9,0,0-1,R64 Exit
2023,Marquette,1266,2,1,1-1,Round of 32
2024,Marquette,1266,2,2,2-1,Sweet 16
2025,Marquette,1266,7,0,0-1,R64 Exit
2018,Marshall,1267,13,1,1-1,Round of 32
2003,Maryland,1268,6,2,2-1,Sweet 16
2004,Maryland,1268,4,1,1-1,Round of 32
2007,Maryland,1268,4,1,1-1,Round of 32
2009,Maryland,1268,10,1,1-1,Round of 32
2010,Maryland,1268,4,1,1-1,Round of 32
2015,Maryland,1268,4,1,1-1,Round of 32
2016,Maryland,1268,5,2,2-1,Sweet 16
2017,Maryland,1268,6,0,0-1,R64 Exit
2019,Maryland,1268,6,1,1-1,Round of 32
2021,Maryland,1268,10,1,1-1,Round of 32
2023,Maryland,1268,8,1,1-1,Round of 32
2025,Maryland,1268,4,2,2-1,Sweet 16
2014,Massachusetts,1269,6,0,0-1,R64 Exit
2024,McNeese St,1270,12,0,0-1,R64 Exit
2025,McNeese St,1270,12,1,1-1,Round of 32
2003,Memphis,1272,7,0,0-1,R64 Exit
2004,Memphis,1272,7,1,1-1,Round of 32
2006,Memphis,1272,1,3,3-1,Elite Eight
2007,Memphis,1272,2,3,3-1,Elite Eight
2008,Memphis,1272,1,5,5-1,NCG
2009,Memphis,1272,2,2,2-1,Sweet 16
2011,Memphis,1272,12,0,0-1,R64 Exit
2012,Memphis,1272,8,0,0-1,R64 Exit
2013,Memphis,1272,6,1,1-1,Round of 32
2014,Memphis,1272,8,1,1-1,Round of 32
2022,Memphis,1272,9,1,1-1,Round of 32
2023,Memphis,1272,8,0,0-1,R64 Exit
2025,Memphis,1272,5,0,0-1,R64 Exit
2014,Mercer,1273,14,1,1-1,Round of 32
2008,Miami FL,1274,7,1,1-1,Round of 32
2013,Miami FL,1274,2,2,2-1,Sweet 16
2016,Miami FL,1274,3,2,2-1,Sweet 16
2017,Miami FL,1274,8,0,0-1,R64 Exit
2018,Miami FL,1274,6,0,0-1,R64 Exit
2022,Miami FL,1274,10,3,3-1,Elite Eight
2023,Miami FL,1274,5,4,4-1,Final Four
2007,Miami OH,1275,14,0,0-1,R64 Exit
2009,Michigan,1276,10,1,1-1,Round of 32
2011,Michigan,1276,8,1,1-1,Round of 32
2012,Michigan,1276,4,0,0-1,R64 Exit
2013,Michigan,1276,4,5,5-1,NCG
2014,Michigan,1276,2,3,3-1,Elite Eight
2016,Michigan,1276,11,1,1-1,Round of 32
2017,Michigan,1276,7,2,2-1,Sweet 16
2018,Michigan,1276,3,5,5-1,NCG
2019,Michigan,1276,2,2,2-1,Sweet 16
2021,Michigan,1276,1,3,3-1,Elite Eight
2022,Michigan,1276,11,2,2-1,Sweet 16
2025,Michigan,1276,5,2,2-1,Sweet 16
2003,Michigan St,1277,7,3,3-1,Elite Eight
2004,Michigan St,1277,7,0,0-1,R64 Exit
2005,Michigan St,1277,5,4,4-1,Final Four
2006,Michigan St,1277,6,0,0-1,R64 Exit
2007,Michigan St,1277,9,1,1-1,Round of 32
2008,Michigan St,1277,5,2,2-1,Sweet 16
2009,Michigan St,1277,2,5,5-1,NCG
2010,Michigan St,1277,5,4,4-1,Final Four
2011,Michigan St,1277,10,0,0-1,R64 Exit
2012,Michigan St,1277,1,2,2-1,Sweet 16
2013,Michigan St,1277,3,2,2-1,Sweet 16
2014,Michigan St,1277,4,3,3-1,Elite Eight
2015,Michigan St,1277,7,4,4-1,Final Four
2016,Michigan St,1277,2,0,0-1,R64 Exit
2017,Michigan St,1277,9,1,1-1,Round of 32
2018,Michigan St,1277,3,1,1-1,Round of 32
2019,Michigan St,1277,2,4,4-1,Final Four
2021,Michigan St,1277,11,0,0-1,R64 Exit
2022,Michigan St,1277,7,1,1-1,Round of 32
2023,Michigan St,1277,7,2,2-1,Sweet 16
2024,Michigan St,1277,9,1,1-1,Round of 32
2025,Michigan St,1277,2,3,3-1,Elite Eight
2005,Minnesota,1278,8,0,0-1,R64 Exit
2009,Minnesota,1278,10,0,0-1,R64 Exit
2010,Minnesota,1278,11,0,0-1,R64 Exit
2013,Minnesota,1278,11,1,1-1,Round of 32
2017,Minnesota,1278,5,0,0-1,R64 Exit
2019,Minnesota,1278,10,1,1-1,Round of 32
2013,Mississippi,1279,12,1,1-1,Round of 32
2015,Mississippi,1279,11,1,1-1,Round of 32
2019,Mississippi,1279,8,0,0-1,R64 Exit
2025,Mississippi,1279,6,2,2-1,Sweet 16
2003,Mississippi St,1280,5,0,0-1,R64 Exit
2004,Mississippi St,1280,2,1,1-1,Round of 32
2005,Mississippi St,1280,9,1,1-1,Round of 32
2008,Mississippi St,1280,8,1,1-1,Round of 32
2009,Mississippi St,1280,13,0,0-1,R64 Exit
2019,Mississippi St,1280,5,0,0-1,R64 Exit
2023,Mississippi St,1280,11,0,0-1,R64 Exit
2024,Mississippi St,1280,8,0,0-1,R64 Exit
2025,Mississippi St,1280,8,0,0-1,R64 Exit
2003,Missouri,1281,6,1,1-1,Round of 32
2009,Missouri,1281,3,3,3-1,Elite Eight
2010,Missouri,1281,10,1,1-1,Round of 32
2011,Missouri,1281,11,0,0-1,R64 Exit
2012,Missouri,1281,2,0,0-1,R64 Exit
2013,Missouri,1281,9,0,0-1,R64 Exit
2018,Missouri,1281,8,0,0-1,R64 Exit
2021,Missouri,1281,9,0,0-1,R64 Exit
2023,Missouri,1281,7,1,1-1,Round of 32
2025,Missouri,1281,6,0,0-1,R64 Exit
2004,Monmouth NJ,1284,15,0,0-1,R64 Exit
2006,Monmouth NJ,1284,16,1,1-1,Round of 32
2005,Montana,1285,16,0,0-1,R64 Exit
2006,Montana,1285,12,1,1-1,Round of 32
2010,Montana,1285,14,0,0-1,R64 Exit
2012,Montana,1285,13,0,0-1,R64 Exit
2013,Montana,1285,13,0,0-1,R64 Exit
2018,Montana,1285,14,0,0-1,R64 Exit
2019,Montana,1285,15,0,0-1,R64 Exit
2025,Montana,1285,14,0,0-1,R64 Exit
2022,Montana St,1286,14,0,0-1,R64 Exit
2023,Montana St,1286,14,0,0-1,R64 Exit
2024,Montana St,1286,16,0,0-1,R64 Exit
2009,Morehead St,1287,16,1,1-1,Round of 32
2011,Morehead St,1287,13,1,1-1,Round of 32
2021,Morehead St,1287,14,0,0-1,R64 Exit
2024,Morehead St,1287,14,0,0-1,R64 Exit
2009,Morgan St,1288,15,0,0-1,R64 Exit
2010,Morgan St,1288,15,0,0-1,R64 Exit
2008,Mt St Mary's,1291,16,1,1-1,Round of 32
2014,Mt St Mary's,1291,16,0,0-1,R64 Exit
2017,Mt St Mary's,1291,16,1,1-1,Round of 32
2021,Mt St Mary's,1291,16,0,0-1,R64 Exit
2025,Mt St Mary's,1291,16,1,1-1,Round of 32
2004,Murray St,1293,12,0,0-1,R64 Exit
2006,Murray St,1293,14,0,0-1,R64 Exit
2010,Murray St,1293,13,1,1-1,Round of 32
2012,Murray St,1293,6,1,1-1,Round of 32
2018,Murray St,1293,12,0,0-1,R64 Exit
2019,Murray St,1293,12,1,1-1,Round of 32
2022,Murray St,1293,7,1,1-1,Round of 32
2011,N Colorado,1294,15,0,0-1,R64 Exit
2009,N Dakota St,1295,14,0,0-1,R64 Exit
2014,N Dakota St,1295,12,1,1-1,Round of 32
2015,N Dakota St,1295,15,0,0-1,R64 Exit
2019,N Dakota St,1295,16,1,1-1,Round of 32
2017,N Kentucky,1297,15,0,0-1,R64 Exit
2019,N Kentucky,1297,14,0,0-1,R64 Exit
2023,N Kentucky,1297,16,0,0-1,R64 Exit
2013,NC A&T,1299,16,1,1-1,Round of 32
2014,NC Central,1300,14,0,0-1,R64 Exit
2017,NC Central,1300,16,0,0-1,R64 Exit
2018,NC Central,1300,16,0,0-1,R64 Exit
2019,NC Central,1300,16,0,0-1,R64 Exit
2003,NC State,1301,9,0,0-1,R64 Exit
2004,NC State,1301,3,1,1-1,Round of 32
2005,NC State,1301,10,2,2-1,Sweet 16
2006,NC State,1301,10,1,1-1,Round of 32
2012,NC State,1301,11,2,2-1,Sweet 16
2013,NC State,1301,8,0,0-1,R64 Exit
2014,NC State,1301,12,1,1-1,Round of 32
2015,NC State,1301,8,2,2-1,Sweet 16
2018,NC State,1301,9,0,0-1,R64 Exit
2023,NC State,1301,11,0,0-1,R64 Exit
2024,NC State,1301,11,4,4-1,Final Four
2025,NE Omaha,1303,15,0,0-1,R64 Exit
2014,Nebraska,1304,11,0,0-1,R64 Exit
2024,Nebraska,1304,8,0,0-1,R64 Exit
2004,Nevada,1305,10,2,2-1,Sweet 16
2005,Nevada,1305,9,1,1-1,Round of 32
2006,Nevada,1305,5,0,0-1,R64 Exit
2007,Nevada,1305,7,1,1-1,Round of 32
2017,Nevada,1305,12,0,0-1,R64 Exit
2018,Nevada,1305,7,2,2-1,Sweet 16
2019,Nevada,1305,7,0,0-1,R64 Exit
2023,Nevada,1305,11,0,0-1,R64 Exit
2024,Nevada,1305,10,0,0-1,R64 Exit
2005,New Mexico,1307,12,0,0-1,R64 Exit
2010,New Mexico,1307,3,1,1-1,Round of 32
2012,New Mexico,1307,5,1,1-1,Round of 32
2013,New Mexico,1307,3,0,0-1,R64 Exit
2014,New Mexico,1307,7,0,0-1,R64 Exit
2024,New Mexico,1307,11,0,0-1,R64 Exit
2025,New Mexico,1307,10,1,1-1,Round of 32
2007,New Mexico St,1308,13,0,0-1,R64 Exit
2010,New Mexico St,1308,12,0,0-1,R64 Exit
2012,New Mexico St,1308,13,0,0-1,R64 Exit
2013,New Mexico St,1308,13,0,0-1,R64 Exit
2014,New Mexico St,1308,13,0,0-1,R64 Exit
2015,New Mexico St,1308,15,0,0-1,R64 Exit
2017,New Mexico St,1308,14,0,0-1,R64 Exit
2018,New Mexico St,1308,12,0,0-1,R64 Exit
2019,New Mexico St,1308,12,0,0-1,R64 Exit
2022,New Mexico St,1308,12,1,1-1,Round of 32
2017,New Orleans,1309,16,0,0-1,R64 Exit
2005,Niagara,1310,14,0,0-1,R64 Exit
2007,Niagara,1310,16,1,1-1,Round of 32
2012,Norfolk St,1313,15,1,1-1,Round of 32
2021,Norfolk St,1313,16,1,1-1,Round of 32
2022,Norfolk St,1313,16,0,0-1,R64 Exit
2025,Norfolk St,1313,16,0,0-1,R64 Exit
2004,North Carolina,1314,6,1,1-1,Round of 32
2005,North Carolina,1314,1,6,6-0,Champion
2006,North Carolina,1314,3,1,1-1,Round of 32
2007,North Carolina,1314,1,3,3-1,Elite Eight
2008,North Carolina,1314,1,4,4-1,Final Four
2009,North Carolina,1314,1,6,6-0,Champion
2011,North Carolina,1314,2,3,3-1,Elite Eight
2012,North Carolina,1314,1,3,3-1,Elite Eight
2013,North Carolina,1314,8,1,1-1,Round of 32
2014,North Carolina,1314,6,1,1-1,Round of 32
2015,North Carolina,1314,4,2,2-1,Sweet 16
2016,North Carolina,1314,1,5,5-1,NCG
2017,North Carolina,1314,1,6,6-0,Champion
2018,North Carolina,1314,2,1,1-1,Round of 32
2019,North Carolina,1314,1,2,2-1,Sweet 16
2021,North Carolina,1314,8,0,0-1,R64 Exit
2022,North Carolina,1314,8,5,5-1,NCG
2024,North Carolina,1314,1,2,2-1,Sweet 16
2025,North Carolina,1314,11,1,1-1,Round of 32
2017,North Dakota,1315,15,0,0-1,R64 Exit
2015,North Florida,1316,16,0,0-1,R64 Exit
2007,North Texas,1317,15,0,0-1,R64 Exit
2010,North Texas,1317,15,0,0-1,R64 Exit
2021,North Texas,1317,13,1,1-1,Round of 32
2015,Northeastern,1318,14,0,0-1,R64 Exit
2019,Northeastern,1318,13,0,0-1,R64 Exit
2004,Northern Iowa,1320,14,0,0-1,R64 Exit
2005,Northern Iowa,1320,11,0,0-1,R64 Exit
2006,Northern Iowa,1320,10,0,0-1,R64 Exit
2009,Northern Iowa,1320,12,0,0-1,R64 Exit
2010,Northern Iowa,1320,9,2,2-1,Sweet 16
2015,Northern Iowa,1320,5,1,1-1,Round of 32
2016,Northern Iowa,1320,11,1,1-1,Round of 32
2017,Northwestern,1321,8,1,1-1,Round of 32
2023,Northwestern,1321,7,1,1-1,Round of 32
2024,Northwestern,1321,9,1,1-1,Round of 32
2006,Northwestern LA,1322,14,1,1-1,Round of 32
2013,Northwestern LA,1322,14,0,0-1,R64 Exit
2003,Notre Dame,1323,5,2,2-1,Sweet 16
2007,Notre Dame,1323,6,0,0-1,R64 Exit
2008,Notre Dame,1323,5,1,1-1,Round of 32
2010,Notre Dame,1323,6,0,0-1,R64 Exit
2011,Notre Dame,1323,2,1,1-1,Round of 32
2012,Notre Dame,1323,7,0,0-1,R64 Exit
2013,Notre Dame,1323,7,0,0-1,R64 Exit
2015,Notre Dame,1323,3,3,3-1,Elite Eight
2016,Notre Dame,1323,6,3,3-1,Elite Eight
2017,Notre Dame,1323,5,1,1-1,Round of 32
2022,Notre Dame,1323,11,2,2-1,Sweet 16
2005,Oakland,1324,16,1,1-1,Round of 32
2010,Oakland,1324,14,0,0-1,R64 Exit
2011,Oakland,1324,13,0,0-1,R64 Exit
2024,Oakland,1324,14,1,1-1,Round of 32
2005,Ohio,1325,13,0,0-1,R64 Exit
2010,Ohio,1325,14,1,1-1,Round of 32
2012,Ohio,1325,13,2,2-1,Sweet 16
2021,Ohio,1325,13,1,1-1,Round of 32
2006,Ohio St,1326,2,1,1-1,Round of 32
2007,Ohio St,1326,1,5,5-1,NCG
2009,Ohio St,1326,8,0,0-1,R64 Exit
2010,Ohio St,1326,2,2,2-1,Sweet 16
2011,Ohio St,1326,1,2,2-1,Sweet 16
2012,Ohio St,1326,2,4,4-1,Final Four
2013,Ohio St,1326,2,3,3-1,Elite Eight
2014,Ohio St,1326,6,0,0-1,R64 Exit
2015,Ohio St,1326,10,1,1-1,Round of 32
2018,Ohio St,1326,5,1,1-1,Round of 32
2019,Ohio St,1326,11,1,1-1,Round of 32
2021,Ohio St,1326,2,0,0-1,R64 Exit
2022,Ohio St,1326,7,1,1-1,Round of 32
2003,Oklahoma,1328,1,3,3-1,Elite Eight
2005,Oklahoma,1328,3,1,1-1,Round of 32
2006,Oklahoma,1328,6,0,0-1,R64 Exit
2008,Oklahoma,1328,6,1,1-1,Round of 32
2009,Oklahoma,1328,2,3,3-1,Elite Eight
2013,Oklahoma,1328,10,0,0-1,R64 Exit
2014,Oklahoma,1328,5,0,0-1,R64 Exit
2015,Oklahoma,1328,3,2,2-1,Sweet 16
2016,Oklahoma,1328,2,4,4-1,Final Four
2018,Oklahoma,1328,10,0,0-1,R64 Exit
2019,Oklahoma,1328,9,1,1-1,Round of 32
2021,Oklahoma,1328,8,1,1-1,Round of 32
2025,Oklahoma,1328,9,0,0-1,R64 Exit
2003,Oklahoma St,1329,6,1,1-1,Round of 32
2004,Oklahoma St,1329,2,4,4-1,Final Four
2005,Oklahoma St,1329,2,2,2-1,Sweet 16
2009,Oklahoma St,1329,8,1,1-1,Round of 32
2010,Oklahoma St,1329,7,0,0-1,R64 Exit
2013,Oklahoma St,1329,5,0,0-1,R64 Exit
2014,Oklahoma St,1329,9,0,0-1,R64 Exit
2015,Oklahoma St,1329,9,0,0-1,R64 Exit
2017,Oklahoma St,1329,10,0,0-1,R64 Exit
2021,Oklahoma St,1329,4,1,1-1,Round of 32
2005,Old Dominion,1330,12,0,0-1,R64 Exit
2007,Old Dominion,1330,12,0,0-1,R64 Exit
2010,Old Dominion,1330,11,1,1-1,Round of 32
2011,Old Dominion,1330,9,0,0-1,R64 Exit
2019,Old Dominion,1330,14,0,0-1,R64 Exit
2006,Oral Roberts,1331,16,0,0-1,R64 Exit
2007,Oral Roberts,1331,14,0,0-1,R64 Exit
2008,Oral Roberts,1331,13,0,0-1,R64 Exit
2021,Oral Roberts,1331,15,2,2-1,Sweet 16
2023,Oral Roberts,1331,12,0,0-1,R64 Exit
2003,Oregon,1332,8,0,0-1,R64 Exit
2007,Oregon,1332,3,3,3-1,Elite Eight
2008,Oregon,1332,9,0,0-1,R64 Exit
2013,Oregon,1332,12,2,2-1,Sweet 16
2014,Oregon,1332,7,1,1-1,Round of 32
2015,Oregon,1332,8,1,1-1,Round of 32
2016,Oregon,1332,1,3,3-1,Elite Eight
2017,Oregon,1332,3,4,4-1,Final Four
2019,Oregon,1332,12,2,2-1,Sweet 16
2021,Oregon,1332,7,1,1-1,Round of 32
2024,Oregon,1332,11,1,1-1,Round of 32
2025,Oregon,1332,5,1,1-1,Round of 32
2016,Oregon St,1333,7,0,0-1,R64 Exit
2021,Oregon St,1333,12,3,3-1,Elite Eight
2004,Pacific,1334,12,1,1-1,Round of 32
2005,Pacific,1334,8,1,1-1,Round of 32
2006,Pacific,1334,13,0,0-1,R64 Exit
2013,Pacific,1334,15,0,0-1,R64 Exit
2003,Penn,1335,11,0,0-1,R64 Exit
2005,Penn,1335,13,0,0-1,R64 Exit
2006,Penn,1335,15,0,0-1,R64 Exit
2007,Penn,1335,14,0,0-1,R64 Exit
2018,Penn,1335,16,0,0-1,R64 Exit
2011,Penn St,1336,10,0,0-1,R64 Exit
2023,Penn St,1336,10,1,1-1,Round of 32
2003,Pittsburgh,1338,2,2,2-1,Sweet 16
2004,Pittsburgh,1338,3,2,2-1,Sweet 16
2005,Pittsburgh,1338,9,0,0-1,R64 Exit
2006,Pittsburgh,1338,5,1,1-1,Round of 32
2007,Pittsburgh,1338,3,2,2-1,Sweet 16
2008,Pittsburgh,1338,4,1,1-1,Round of 32
2009,Pittsburgh,1338,1,3,3-1,Elite Eight
2010,Pittsburgh,1338,3,1,1-1,Round of 32
2011,Pittsburgh,1338,1,1,1-1,Round of 32
2013,Pittsburgh,1338,8,0,0-1,R64 Exit
2014,Pittsburgh,1338,9,1,1-1,Round of 32
2016,Pittsburgh,1338,10,0,0-1,R64 Exit
2023,Pittsburgh,1338,11,2,2-1,Sweet 16
2008,Portland St,1340,16,0,0-1,R64 Exit
2009,Portland St,1340,13,0,0-1,R64 Exit
2019,Prairie View,1341,16,0,0-1,R64 Exit
2004,Princeton,1343,14,0,0-1,R64 Exit
2011,Princeton,1343,13,0,0-1,R64 Exit
2017,Princeton,1343,12,0,0-1,R64 Exit
2023,Princeton,1343,15,2,2-1,Sweet 16
2004,Providence,1344,5,0,0-1,R64 Exit
2014,Providence,1344,11,0,0-1,R64 Exit
2015,Providence,1344,6,0,0-1,R64 Exit
2016,Providence,1344,9,1,1-1,Round of 32
2017,Providence,1344,11,0,0-1,R64 Exit
2018,Providence,1344,10,0,0-1,R64 Exit
2022,Providence,1344,4,2,2-1,Sweet 16
2023,Providence,1344,11,0,0-1,R64 Exit
2003,Purdue,1345,9,1,1-1,Round of 32
2007,Purdue,1345,9,1,1-1,Round of 32
2008,Purdue,1345,6,1,1-1,Round of 32
2009,Purdue,1345,5,2,2-1,Sweet 16
2010,Purdue,1345,4,2,2-1,Sweet 16
2011,Purdue,1345,3,1,1-1,Round of 32
2012,Purdue,1345,10,1,1-1,Round of 32
2015,Purdue,1345,9,0,0-1,R64 Exit
2016,Purdue,1345,5,0,0-1,R64 Exit
2017,Purdue,1345,4,2,2-1,Sweet 16
2018,Purdue,1345,2,2,2-1,Sweet 16
2019,Purdue,1345,3,3,3-1,Elite Eight
2021,Purdue,1345,4,0,0-1,R64 Exit
2022,Purdue,1345,3,2,2-1,Sweet 16
2023,Purdue,1345,1,0,0-1,R64 Exit
2024,Purdue,1345,1,5,5-1,NCG
2025,Purdue,1345,4,2,2-1,Sweet 16
2009,Radford,1347,16,0,0-1,R64 Exit
2018,Radford,1347,16,1,1-1,Round of 32
2017,Rhode Island,1348,11,1,1-1,Round of 32
2018,Rhode Island,1348,7,1,1-1,Round of 32
2004,Richmond,1350,11,0,0-1,R64 Exit
2010,Richmond,1350,7,0,0-1,R64 Exit
2011,Richmond,1350,12,2,2-1,Sweet 16
2022,Richmond,1350,12,1,1-1,Round of 32
2009,Robert Morris,1352,15,0,0-1,R64 Exit
2010,Robert Morris,1352,15,0,0-1,R64 Exit
2015,Robert Morris,1352,16,1,1-1,Round of 32
2025,Robert Morris,1352,15,0,0-1,R64 Exit
2021,Rutgers,1353,10,1,1-1,Round of 32
2022,Rutgers,1353,11,0,0-1,R64 Exit
2003,S Carolina St,1354,16,0,0-1,R64 Exit
2012,S Dakota St,1355,14,0,0-1,R64 Exit
2013,S Dakota St,1355,13,0,0-1,R64 Exit
2016,S Dakota St,1355,12,0,0-1,R64 Exit
2017,S Dakota St,1355,16,0,0-1,R64 Exit
2018,S Dakota St,1355,12,0,0-1,R64 Exit
2022,S Dakota St,1355,13,0,0-1,R64 Exit
2024,S Dakota St,1355,15,0,0-1,R64 Exit
2003,S Illinois,1356,11,0,0-1,R64 Exit
2004,S Illinois,1356,9,0,0-1,R64 Exit
2005,S Illinois,1356,7,1,1-1,Round of 32
2006,S Illinois,1356,11,0,0-1,R64 Exit
2007,S Illinois,1356,4,2,2-1,Sweet 16
2005,SE Louisiana,1368,15,0,0-1,R64 Exit
2023,SE Missouri St,1369,16,0,0-1,R64 Exit
2009,SF Austin,1372,14,0,0-1,R64 Exit
2014,SF Austin,1372,12,1,1-1,Round of 32
2015,SF Austin,1372,12,0,0-1,R64 Exit
2016,SF Austin,1372,14,1,1-1,Round of 32
2018,SF Austin,1372,14,0,0-1,R64 Exit
2025,SIUE,1188,16,0,0-1,R64 Exit
2015,SMU,1374,6,0,0-1,R64 Exit
2017,SMU,1374,6,0,0-1,R64 Exit
2006,SUNY Albany,1107,16,0,0-1,R64 Exit
2007,SUNY Albany,1107,13,0,0-1,R64 Exit
2013,SUNY Albany,1107,15,0,0-1,R64 Exit
2014,SUNY Albany,1107,16,1,1-1,Round of 32
2015,SUNY Albany,1107,14,0,0-1,R64 Exit
2003,Sam Houston St,1358,15,0,0-1,R64 Exit
2010,Sam Houston St,1358,14,0,0-1,R64 Exit
2024,Samford,1359,13,0,0-1,R64 Exit
2003,San Diego,1360,13,0,0-1,R64 Exit
2008,San Diego,1360,13,1,1-1,Round of 32
2006,San Diego St,1361,11,0,0-1,R64 Exit
2010,San Diego St,1361,11,0,0-1,R64 Exit
2011,San Diego St,1361,2,2,2-1,Sweet 16
2012,San Diego St,1361,6,0,0-1,R64 Exit
2013,San Diego St,1361,7,1,1-1,Round of 32
2014,San Diego St,1361,4,2,2-1,Sweet 16
2015,San Diego St,1361,8,1,1-1,Round of 32
2018,San Diego St,1361,11,0,0-1,R64 Exit
2021,San Diego St,1361,6,0,0-1,R64 Exit
2022,San Diego St,1361,8,0,0-1,R64 Exit
2023,San Diego St,1361,5,5,5-1,NCG
2024,San Diego St,1361,5,2,2-1,Sweet 16
2025,San Diego St,1361,11,0,0-1,R64 Exit
2022,San Francisco,1362,10,0,0-1,R64 Exit
2004,Seton Hall,1371,8,1,1-1,Round of 32
2006,Seton Hall,1371,10,0,0-1,R64 Exit
2016,Seton Hall,1371,6,0,0-1,R64 Exit
2017,Seton Hall,1371,9,0,0-1,R64 Exit
2018,Seton Hall,1371,8,1,1-1,Round of 32
2019,Seton Hall,1371,10,0,0-1,R64 Exit
2022,Seton Hall,1371,8,0,0-1,R64 Exit
2008,Siena,1373,13,1,1-1,Round of 32
2009,Siena,1373,9,1,1-1,Round of 32
2010,Siena,1373,13,0,0-1,R64 Exit
2006,South Alabama,1375,14,0,0-1,R64 Exit
2008,South Alabama,1375,10,0,0-1,R64 Exit
2004,South Carolina,1376,10,0,0-1,R64 Exit
2017,South Carolina,1376,7,4,4-1,Final Four
2024,South Carolina,1376,6,0,0-1,R64 Exit
2012,South Florida,1378,12,2,2-1,Sweet 16
2012,Southern Miss,1379,9,0,0-1,R64 Exit
2006,Southern Univ,1380,16,0,0-1,R64 Exit
2013,Southern Univ,1380,16,0,0-1,R64 Exit
2016,Southern Univ,1380,16,0,0-1,R64 Exit
2012,St Bonaventure,1382,14,0,0-1,R64 Exit
2018,St Bonaventure,1382,11,1,1-1,Round of 32
2021,St Bonaventure,1382,9,0,0-1,R64 Exit
2025,St Francis PA,1384,16,0,0-1,R64 Exit
2011,St John's,1385,6,0,0-1,R64 Exit
2015,St John's,1385,9,0,0-1,R64 Exit
2019,St John's,1385,11,0,0-1,R64 Exit
2025,St John's,1385,2,1,1-1,Round of 32
2003,St Joseph's PA,1386,7,0,0-1,R64 Exit
2004,St Joseph's PA,1386,1,3,3-1,Elite Eight
2008,St Joseph's PA,1386,11,0,0-1,R64 Exit
2014,St Joseph's PA,1386,10,0,0-1,R64 Exit
2016,St Joseph's PA,1386,8,1,1-1,Round of 32
2012,St Louis,1387,9,1,1-1,Round of 32
2013,St Louis,1387,4,1,1-1,Round of 32
2014,St Louis,1387,5,1,1-1,Round of 32
2019,St Louis,1387,13,0,0-1,R64 Exit
2005,St Mary's CA,1388,10,0,0-1,R64 Exit
2008,St Mary's CA,1388,10,0,0-1,R64 Exit
2010,St Mary's CA,1388,10,2,2-1,Sweet 16
2012,St Mary's CA,1388,7,0,0-1,R64 Exit
2013,St Mary's CA,1388,11,1,1-1,Round of 32
2017,St Mary's CA,1388,7,1,1-1,Round of 32
2019,St Mary's CA,1388,11,0,0-1,R64 Exit
2022,St Mary's CA,1388,5,1,1-1,Round of 32
2023,St Mary's CA,1388,5,1,1-1,Round of 32
2024,St Mary's CA,1388,5,0,0-1,R64 Exit
2025,St Mary's CA,1388,7,1,1-1,Round of 32
2011,St Peter's,1389,14,0,0-1,R64 Exit
2022,St Peter's,1389,15,3,3-1,Elite Eight
2024,St Peter's,1389,15,0,0-1,R64 Exit
2003,Stanford,1390,4,1,1-1,Round of 32
2004,Stanford,1390,1,1,1-1,Round of 32
2005,Stanford,1390,8,0,0-1,R64 Exit
2007,Stanford,1390,11,0,0-1,R64 Exit
2008,Stanford,1390,3,2,2-1,Sweet 16
2014,Stanford,1390,10,2,2-1,Sweet 16
2024,Stetson,1391,16,0,0-1,R64 Exit
2016,Stony Brook,1392,13,0,0-1,R64 Exit
2003,Syracuse,1393,3,6,6-0,Champion
2004,Syracuse,1393,5,2,2-1,Sweet 16
2005,Syracuse,1393,4,0,0-1,R64 Exit
2006,Syracuse,1393,5,0,0-1,R64 Exit
2009,Syracuse,1393,3,2,2-1,Sweet 16
2010,Syracuse,1393,1,2,2-1,Sweet 16
2011,Syracuse,1393,3,1,1-1,Round of 32
2012,Syracuse,1393,1,3,3-1,Elite Eight
2013,Syracuse,1393,4,4,4-1,Final Four
2014,Syracuse,1393,3,1,1-1,Round of 32
2016,Syracuse,1393,10,4,4-1,Final Four
2018,Syracuse,1393,11,3,3-1,Elite Eight
2019,Syracuse,1393,8,0,0-1,R64 Exit
2021,Syracuse,1393,11,2,2-1,Sweet 16
2007,TAM C. Christi,1394,15,0,0-1,R64 Exit
2022,TAM C. Christi,1394,16,0,0-1,R64 Exit
2023,TAM C. Christi,1394,16,1,1-1,Round of 32
2018,TCU,1395,6,0,0-1,R64 Exit
2022,TCU,1395,9,1,1-1,Round of 32
2023,TCU,1395,6,1,1-1,Round of 32
2024,TCU,1395,9,0,0-1,R64 Exit
2003,TX Southern,1411,16,0,0-1,R64 Exit
2014,TX Southern,1411,16,0,0-1,R64 Exit
2015,TX Southern,1411,15,0,0-1,R64 Exit
2017,TX Southern,1411,16,0,0-1,R64 Exit
2018,TX Southern,1411,16,1,1-1,Round of 32
2021,TX Southern,1411,16,1,1-1,Round of 32
2022,TX Southern,1411,16,1,1-1,Round of 32
2023,TX Southern,1411,16,0,0-1,R64 Exit
2008,Temple,1396,12,0,0-1,R64 Exit
2009,Temple,1396,11,0,0-1,R64 Exit
2010,Temple,1396,5,0,0-1,R64 Exit
2011,Temple,1396,7,1,1-1,Round of 32
2012,Temple,1396,5,0,0-1,R64 Exit
2013,Temple,1396,9,1,1-1,Round of 32
2016,Temple,1396,10,0,0-1,R64 Exit
2019,Temple,1396,11,0,0-1,R64 Exit
2006,Tennessee,1397,2,1,1-1,Round of 32
2007,Tennessee,1397,5,2,2-1,Sweet 16
2008,Tennessee,1397,2,2,2-1,Sweet 16
2009,Tennessee,1397,9,0,0-1,R64 Exit
2010,Tennessee,1397,6,3,3-1,Elite Eight
2011,Tennessee,1397,9,0,0-1,R64 Exit
2014,Tennessee,1397,11,3,3-1,Elite Eight
2018,Tennessee,1397,3,1,1-1,Round of 32
2019,Tennessee,1397,2,2,2-1,Sweet 16
2021,Tennessee,1397,5,0,0-1,R64 Exit
2022,Tennessee,1397,3,1,1-1,Round of 32
2023,Tennessee,1397,4,2,2-1,Sweet 16
2024,Tennessee,1397,2,3,3-1,Elite Eight
2025,Tennessee,1397,2,3,3-1,Elite Eight
2003,Texas,1400,1,4,4-1,Final Four
2004,Texas,1400,3,2,2-1,Sweet 16
2005,Texas,1400,8,0,0-1,R64 Exit
2006,Texas,1400,2,3,3-1,Elite Eight
2007,Texas,1400,4,1,1-1,Round of 32
2008,Texas,1400,2,3,3-1,Elite Eight
2009,Texas,1400,7,1,1-1,Round of 32
2010,Texas,1400,8,0,0-1,R64 Exit
2011,Texas,1400,4,1,1-1,Round of 32
2012,Texas,1400,11,0,0-1,R64 Exit
2014,Texas,1400,7,1,1-1,Round of 32
2015,Texas,1400,11,0,0-1,R64 Exit
2016,Texas,1400,6,0,0-1,R64 Exit
2018,Texas,1400,10,0,0-1,R64 Exit
2021,Texas,1400,3,0,0-1,R64 Exit
2022,Texas,1400,6,1,1-1,Round of 32
2023,Texas,1400,2,3,3-1,Elite Eight
2024,Texas,1400,7,1,1-1,Round of 32
2025,Texas,1400,11,0,0-1,R64 Exit
2006,Texas A&M,1401,12,1,1-1,Round of 32
2007,Texas A&M,1401,3,2,2-1,Sweet 16
2008,Texas A&M,1401,9,1,1-1,Round of 32
2009,Texas A&M,1401,9,1,1-1,Round of 32
2010,Texas A&M,1401,5,1,1-1,Round of 32
2011,Texas A&M,1401,7,0,0-1,R64 Exit
2016,Texas A&M,1401,3,2,2-1,Sweet 16
2018,Texas A&M,1401,7,2,2-1,Sweet 16
2023,Texas A&M,1401,7,0,0-1,R64 Exit
2024,Texas A&M,1401,9,1,1-1,Round of 32
2025,Texas A&M,1401,4,1,1-1,Round of 32
2004,Texas Tech,1403,8,1,1-1,Round of 32
2005,Texas Tech,1403,6,2,2-1,Sweet 16
2007,Texas Tech,1403,10,0,0-1,R64 Exit
2016,Texas Tech,1403,8,0,0-1,R64 Exit
2018,Texas Tech,1403,3,3,3-1,Elite Eight
2019,Texas Tech,1403,3,5,5-1,NCG
2021,Texas Tech,1403,6,1,1-1,Round of 32
2022,Texas Tech,1403,3,2,2-1,Sweet 16
2024,Texas Tech,1403,6,0,0-1,R64 Exit
2025,Texas Tech,1403,3,3,3-1,Elite Eight
2003,Troy,1407,14,0,0-1,R64 Exit
2017,Troy,1407,15,0,0-1,R64 Exit
2025,Troy,1407,14,0,0-1,R64 Exit
2003,Tulsa,1409,13,1,1-1,Round of 32
2014,Tulsa,1409,13,0,0-1,R64 Exit
2016,Tulsa,1409,11,0,0-1,R64 Exit
2004,UAB,1412,9,2,2-1,Sweet 16
2005,UAB,1412,11,1,1-1,Round of 32
2006,UAB,1412,9,0,0-1,R64 Exit
2011,UAB,1412,12,0,0-1,R64 Exit
2015,UAB,1412,14,1,1-1,Round of 32
2022,UAB,1412,12,0,0-1,R64 Exit
2024,UAB,1412,12,0,0-1,R64 Exit
2017,UC Davis,1413,16,1,1-1,Round of 32
2015,UC Irvine,1414,13,0,0-1,R64 Exit
2019,UC Irvine,1414,13,1,1-1,Round of 32
2025,UC San Diego,1471,12,0,0-1,R64 Exit
2010,UC Santa Barbara,1364,15,0,0-1,R64 Exit
2011,UC Santa Barbara,1364,15,0,0-1,R64 Exit
2021,UC Santa Barbara,1364,12,0,0-1,R64 Exit
2023,UC Santa Barbara,1364,14,0,0-1,R64 Exit
2004,UCF,1416,14,0,0-1,R64 Exit
2005,UCF,1416,15,0,0-1,R64 Exit
2019,UCF,1416,9,1,1-1,Round of 32
2005,UCLA,1417,11,0,0-1,R64 Exit
2006,UCLA,1417,2,5,5-1,NCG
2007,UCLA,1417,2,4,4-1,Final Four
2008,UCLA,1417,1,4,4-1,Final Four
2009,UCLA,1417,6,1,1-1,Round of 32
2011,UCLA,1417,7,1,1-1,Round of 32
2013,UCLA,1417,6,0,0-1,R64 Exit
2014,UCLA,1417,4,2,2-1,Sweet 16
2015,UCLA,1417,11,2,2-1,Sweet 16
2017,UCLA,1417,3,2,2-1,Sweet 16
2018,UCLA,1417,11,0,0-1,R64 Exit
2021,UCLA,1417,11,5,5-1,NCG
2022,UCLA,1417,4,2,2-1,Sweet 16
2023,UCLA,1417,2,2,2-1,Sweet 16
2025,UCLA,1417,7,1,1-1,Round of 32
2008,UMBC,1420,15,0,0-1,R64 Exit
2018,UMBC,1420,16,1,1-1,Round of 32
2003,UNC Asheville,1421,16,1,1-1,Round of 32
2011,UNC Asheville,1421,16,1,1-1,Round of 32
2012,UNC Asheville,1421,16,0,0-1,R64 Exit
2016,UNC Asheville,1421,15,0,0-1,R64 Exit
2023,UNC Asheville,1421,15,0,0-1,R64 Exit
2018,UNC Greensboro,1422,13,0,0-1,R64 Exit
2021,UNC Greensboro,1422,13,0,0-1,R64 Exit
2003,UNC Wilmington,1423,11,0,0-1,R64 Exit
2006,UNC Wilmington,1423,9,0,0-1,R64 Exit
2016,UNC Wilmington,1423,13,0,0-1,R64 Exit
2017,UNC Wilmington,1423,12,0,0-1,R64 Exit
2025,UNC Wilmington,1423,14,0,0-1,R64 Exit
2007,UNLV,1424,7,2,2-1,Sweet 16
2008,UNLV,1424,8,1,1-1,Round of 32
2010,UNLV,1424,8,0,0-1,R64 Exit
2011,UNLV,1424,8,0,0-1,R64 Exit
2012,UNLV,1424,6,0,0-1,R64 Exit
2013,UNLV,1424,5,0,0-1,R64 Exit
2007,USC,1425,5,2,2-1,Sweet 16
2008,USC,1425,6,0,0-1,R64 Exit
2009,USC,1425,10,1,1-1,Round of 32
2011,USC,1425,11,0,0-1,R64 Exit
2016,USC,1425,8,0,0-1,R64 Exit
2017,USC,1425,11,2,2-1,Sweet 16
2021,USC,1425,6,3,3-1,Elite Eight
2022,USC,1425,7,0,0-1,R64 Exit
2023,USC,1425,10,0,0-1,R64 Exit
2008,UT Arlington,1426,16,0,0-1,R64 Exit
2004,UT San Antonio,1427,16,0,0-1,R64 Exit
2011,UT San Antonio,1427,16,1,1-1,Round of 32
2004,UTEP,1431,13,0,0-1,R64 Exit
2005,UTEP,1431,11,0,0-1,R64 Exit
2010,UTEP,1431,12,0,0-1,R64 Exit
2003,Utah,1428,9,1,1-1,Round of 32
2004,Utah,1428,11,0,0-1,R64 Exit
2005,Utah,1428,6,2,2-1,Sweet 16
2009,Utah,1428,5,0,0-1,R64 Exit
2015,Utah,1428,5,2,2-1,Sweet 16
2016,Utah,1428,3,1,1-1,Round of 32
2003,Utah St,1429,15,0,0-1,R64 Exit
2005,Utah St,1429,14,0,0-1,R64 Exit
2006,Utah St,1429,12,0,0-1,R64 Exit
2009,Utah St,1429,11,0,0-1,R64 Exit
2010,Utah St,1429,12,0,0-1,R64 Exit
2011,Utah St,1429,12,0,0-1,R64 Exit
2019,Utah St,1429,8,0,0-1,R64 Exit
2021,Utah St,1429,11,0,0-1,R64 Exit
2023,Utah St,1429,10,0,0-1,R64 Exit
2024,Utah St,1429,8,1,1-1,Round of 32
2025,Utah St,1429,10,0,0-1,R64 Exit
2004,VCU,1433,13,0,0-1,R64 Exit
2007,VCU,1433,11,1,1-1,Round of 32
2009,VCU,1433,11,0,0-1,R64 Exit
2011,VCU,1433,11,5,5-1,NCG
2012,VCU,1433,12,1,1-1,Round of 32
2013,VCU,1433,5,1,1-1,Round of 32
2014,VCU,1433,5,0,0-1,R64 Exit
2015,VCU,1433,7,0,0-1,R64 Exit
2016,VCU,1433,10,1,1-1,Round of 32
2017,VCU,1433,10,0,0-1,R64 Exit
2019,VCU,1433,8,0,0-1,R64 Exit
2023,VCU,1433,12,0,0-1,R64 Exit
2025,VCU,1433,11,0,0-1,R64 Exit
2004,Valparaiso,1434,15,0,0-1,R64 Exit
2013,Valparaiso,1434,14,0,0-1,R64 Exit
2015,Valparaiso,1434,13,0,0-1,R64 Exit
2004,Vanderbilt,1435,6,2,2-1,Sweet 16
2007,Vanderbilt,1435,6,2,2-1,Sweet 16
2008,Vanderbilt,1435,4,0,0-1,R64 Exit
2010,Vanderbilt,1435,4,0,0-1,R64 Exit
2011,Vanderbilt,1435,5,0,0-1,R64 Exit
2012,Vanderbilt,1435,5,1,1-1,Round of 32
2016,Vanderbilt,1435,11,0,0-1,R64 Exit
2017,Vanderbilt,1435,9,0,0-1,R64 Exit
2025,Vanderbilt,1435,10,0,0-1,R64 Exit
2003,Vermont,1436,16,0,0-1,R64 Exit
2004,Vermont,1436,15,0,0-1,R64 Exit
2005,Vermont,1436,13,1,1-1,Round of 32
2010,Vermont,1436,16,0,0-1,R64 Exit
2012,Vermont,1436,16,1,1-1,Round of 32
2017,Vermont,1436,13,0,0-1,R64 Exit
2019,Vermont,1436,13,0,0-1,R64 Exit
2022,Vermont,1436,13,0,0-1,R64 Exit
2023,Vermont,1436,15,0,0-1,R64 Exit
2024,Vermont,1436,13,0,0-1,R64 Exit
2005,Villanova,1437,5,2,2-1,Sweet 16
2006,Villanova,1437,1,3,3-1,Elite Eight
2007,Villanova,1437,9,0,0-1,R64 Exit
2008,Villanova,1437,12,2,2-1,Sweet 16
2009,Villanova,1437,3,4,4-1,Final Four
2010,Villanova,1437,2,1,1-1,Round of 32
2011,Villanova,1437,9,0,0-1,R64 Exit
2013,Villanova,1437,9,0,0-1,R64 Exit
2014,Villanova,1437,2,1,1-1,Round of 32
2015,Villanova,1437,1,1,1-1,Round of 32
2016,Villanova,1437,2,6,6-0,Champion
2017,Villanova,1437,1,1,1-1,Round of 32
2018,Villanova,1437,1,6,6-0,Champion
2019,Villanova,1437,6,1,1-1,Round of 32
2021,Villanova,1437,5,2,2-1,Sweet 16
2022,Villanova,1437,2,4,4-1,Final Four
2007,Virginia,1438,4,1,1-1,Round of 32
2012,Virginia,1438,10,0,0-1,R64 Exit
2014,Virginia,1438,1,2,2-1,Sweet 16
2015,Virginia,1438,2,1,1-1,Round of 32
2016,Virginia,1438,1,3,3-1,Elite Eight
2017,Virginia,1438,5,1,1-1,Round of 32
2018,Virginia,1438,1,0,0-1,R64 Exit
2019,Virginia,1438,1,6,6-0,Champion
2021,Virginia,1438,4,0,0-1,R64 Exit
2023,Virginia,1438,4,0,0-1,R64 Exit
2024,Virginia,1438,10,0,0-1,R64 Exit
2007,Virginia Tech,1439,5,1,1-1,Round of 32
2017,Virginia Tech,1439,9,0,0-1,R64 Exit
2018,Virginia Tech,1439,8,0,0-1,R64 Exit
2019,Virginia Tech,1439,4,2,2-1,Sweet 16
2021,Virginia Tech,1439,10,0,0-1,R64 Exit
2022,Virginia Tech,1439,11,0,0-1,R64 Exit
2004,W Michigan,1444,11,0,0-1,R64 Exit
2014,W Michigan,1444,14,0,0-1,R64 Exit
2016,WI Green Bay,1453,14,0,0-1,R64 Exit
2003,WI Milwaukee,1454,12,0,0-1,R64 Exit
2005,WI Milwaukee,1454,12,2,2-1,Sweet 16
2006,WI Milwaukee,1454,11,1,1-1,Round of 32
2014,WI Milwaukee,1454,15,0,0-1,R64 Exit
2003,WKU,1443,13,0,0-1,R64 Exit
2008,WKU,1443,12,2,2-1,Sweet 16
2009,WKU,1443,12,1,1-1,Round of 32
2012,WKU,1443,16,1,1-1,Round of 32
2013,WKU,1443,16,0,0-1,R64 Exit
2024,WKU,1443,15,0,0-1,R64 Exit
2003,Wagner,1447,15,0,0-1,R64 Exit
2024,Wagner,1447,16,1,1-1,Round of 32
2003,Wake Forest,1448,2,1,1-1,Round of 32
2004,Wake Forest,1448,4,2,2-1,Sweet 16
2005,Wake Forest,1448,2,1,1-1,Round of 32
2009,Wake Forest,1448,4,0,0-1,R64 Exit
2010,Wake Forest,1448,9,1,1-1,Round of 32
2017,Wake Forest,1448,11,0,0-1,R64 Exit
2004,Washington,1449,8,0,0-1,R64 Exit
2005,Washington,1449,1,2,2-1,Sweet 16
2006,Washington,1449,5,2,2-1,Sweet 16
2009,Washington,1449,4,1,1-1,Round of 32
2010,Washington,1449,11,2,2-1,Sweet 16
2011,Washington,1449,7,1,1-1,Round of 32
2019,Washington,1449,9,1,1-1,Round of 32
2007,Washington St,1450,3,1,1-1,Round of 32
2008,Washington St,1450,4,2,2-1,Sweet 16
2024,Washington St,1450,7,1,1-1,Round of 32
2003,Weber St,1451,12,0,0-1,R64 Exit
2007,Weber St,1451,15,0,0-1,R64 Exit
2014,Weber St,1451,16,0,0-1,R64 Exit
2016,Weber St,1451,15,0,0-1,R64 Exit
2005,West Virginia,1452,7,3,3-1,Elite Eight
2006,West Virginia,1452,6,2,2-1,Sweet 16
2008,West Virginia,1452,7,2,2-1,Sweet 16
2009,West Virginia,1452,6,0,0-1,R64 Exit
2010,West Virginia,1452,2,4,4-1,Final Four
2011,West Virginia,1452,5,1,1-1,Round of 32
2012,West Virginia,1452,10,0,0-1,R64 Exit
2015,West Virginia,1452,5,2,2-1,Sweet 16
2016,West Virginia,1452,3,0,0-1,R64 Exit
2017,West Virginia,1452,4,2,2-1,Sweet 16
2018,West Virginia,1452,5,2,2-1,Sweet 16
2021,West Virginia,1452,3,1,1-1,Round of 32
2023,West Virginia,1452,9,0,0-1,R64 Exit
2006,Wichita St,1455,7,2,2-1,Sweet 16
2012,Wichita St,1455,5,0,0-1,R64 Exit
2013,Wichita St,1455,9,4,4-1,Final Four
2014,Wichita St,1455,1,1,1-1,Round of 32
2015,Wichita St,1455,7,2,2-1,Sweet 16
2016,Wichita St,1455,11,2,2-1,Sweet 16
2017,Wichita St,1455,10,1,1-1,Round of 32
2018,Wichita St,1455,4,0,0-1,R64 Exit
2021,Wichita St,1455,11,0,0-1,R64 Exit
2005,Winthrop,1457,14,0,0-1,R64 Exit
2006,Winthrop,1457,15,0,0-1,R64 Exit
2007,Winthrop,1457,11,1,1-1,Round of 32
2008,Winthrop,1457,13,0,0-1,R64 Exit
2010,Winthrop,1457,16,0,0-1,R64 Exit
2017,Winthrop,1457,13,0,0-1,R64 Exit
2021,Winthrop,1457,12,0,0-1,R64 Exit
2003,Wisconsin,1458,5,2,2-1,Sweet 16
2004,Wisconsin,1458,6,1,1-1,Round of 32
2005,Wisconsin,1458,6,3,3-1,Elite Eight
2006,Wisconsin,1458,9,0,0-1,R64 Exit
2007,Wisconsin,1458,2,1,1-1,Round of 32
2008,Wisconsin,1458,3,2,2-1,Sweet 16
2009,Wisconsin,1458,12,1,1-1,Round of 32
2010,Wisconsin,1458,4,1,1-1,Round of 32
2011,Wisconsin,1458,4,2,2-1,Sweet 16
2012,Wisconsin,1458,4,2,2-1,Sweet 16
2013,Wisconsin,1458,5,0,0-1,R64 Exit
2014,Wisconsin,1458,2,4,4-1,Final Four
2015,Wisconsin,1458,1,5,5-1,NCG
2016,Wisconsin,1458,7,2,2-1,Sweet 16
2017,Wisconsin,1458,8,2,2-1,Sweet 16
2019,Wisconsin,1458,5,0,0-1,R64 Exit
2021,Wisconsin,1458,9,1,1-1,Round of 32
2022,Wisconsin,1458,3,1,1-1,Round of 32
2024,Wisconsin,1458,5,0,0-1,R64 Exit
2025,Wisconsin,1458,3,1,1-1,Round of 32
2010,Wofford,1459,13,0,0-1,R64 Exit
2011,Wofford,1459,14,0,0-1,R64 Exit
2014,Wofford,1459,15,0,0-1,R64 Exit
2015,Wofford,1459,12,0,0-1,R64 Exit
2019,Wofford,1459,7,1,1-1,Round of 32
2025,Wofford,1459,15,0,0-1,R64 Exit
2007,Wright St,1460,14,0,0-1,R64 Exit
2018,Wright St,1460,14,0,0-1,R64 Exit
2022,Wright St,1460,16,1,1-1,Round of 32
2015,Wyoming,1461,12,0,0-1,R64 Exit
2022,Wyoming,1461,12,0,0-1,R64 Exit
2003,Xavier,1462,3,1,1-1,Round of 32
2004,Xavier,1462,7,3,3-1,Elite Eight
2006,Xavier,1462,14,0,0-1,R64 Exit
2007,Xavier,1462,9,1,1-1,Round of 32
2008,Xavier,1462,3,3,3-1,Elite Eight
2009,Xavier,1462,4,2,2-1,Sweet 16
2010,Xavier,1462,6,2,2-1,Sweet 16
2011,Xavier,1462,6,0,0-1,R64 Exit
2012,Xavier,1462,10,2,2-1,Sweet 16
2014,Xavier,1462,12,0,0-1,R64 Exit
2015,Xavier,1462,6,2,2-1,Sweet 16
2016,Xavier,1462,2,1,1-1,Round of 32
2017,Xavier,1462,11,3,3-1,Elite Eight
2018,Xavier,1462,1,1,1-1,Round of 32
2023,Xavier,1462,3,2,2-1,Sweet 16
2025,Xavier,1462,11,1,1-1,Round of 32
2016,Yale,1463,12,1,1-1,Round of 32
2019,Yale,1463,14,0,0-1,R64 Exit
2022,Yale,1463,14,0,0-1,R64 Exit
2024,Yale,1463,13,1,1-1,Round of 32
2025,Yale,1463,13,0,0-1,R64 Exit
